,sentence,physics,race,religion
0,God BLESS,0,0,1
1,D-U-N-K bro! Jesus,0,0,1
2,üòá tell the world that I am the Messiahüòá,0,0,1
3,"Let Lionel Richie know I am the Messiah,",0,0,1
4,You are a God. I'm about to get your face tatted on me. How about a celebration party after?,0,0,1
5,Masha Allahüåü,0,0,1
6,"Good day everyone 
 my name is olaide saka
 i just got admission to the federal polytechnic bida Niger state.
 please people i need 10k before weekend the deadline is Friday...
 thank you very much God bless you Saka olaide 3101263244",0,0,1
7,"Thank you for visiting Bali of Indonesia and we proud of it and we proud of Balinese people, Also I hope Mr @aryawedakarna will make better Bali for everyone and keep away Bali from the radikalisme the gedibal arab.",0,1,1
8,"@leri_platipus I just visited java and Bali. Muslim life dominated java, Hinduism dominated Bali. The cultures felt completely different to a westerner. Bali was far more open, peaceful and far less conservative.",0,1,1
9,@fethy.ramsey bali is Hindu,0,0,1
10,@fethy.ramsey I live in Indonesia. The majority of religions in Bali re Hinduism. Indonesia has 5 religions.....so its not only Islam/Muslim. But we live in peace and respect each other. So...pls dont say something that isn't true. Thanks,0,0,1
11,@fethy.ramsey yea The largest population in Indonesia is Muslim but Indonesia isn't Islamic country. This is true,0,0,1
12,@realberniceburgosx amen,0,0,1
13,@realberniceburgosx amen In Jesus name,0,0,1
14,amen.,0,0,1
15,IS THIS A SIGN FROM GOD cause I literally was crying about life awhile ago,0,0,1
16,You a bible thumper now wtf going on with your title ???,0,0,1
17,@badbadnelebad_ this happens when you were out partying the night before then unyoko says uyaEkerk like it or not azophuma amademoni then you fall asleep in churchüíîüíîüíîüò≠üò≠,0,0,1
18,Your allowed to sleep in churchüòäüòä its no sin i sleep in church toüòäüòä,0,0,1
19,"Omggg Zach, you're amazing, but I can't understand how there's so many people there also. Was it a set up or did this take place properly during church service üòÇüôà",0,0,1
20,Blessing ... lovely shots,0,0,1
21,Amin,0,0,1
22,‚ÄúWe're so busy getting offended that we don't let the conviction sink through and do its job‚Äù üôåüèæ #church,0,0,1
23,"Soooo hard to choose but we're going to put a vote in for 1. Halstatt, Austria (for the most picturesque of views!), 2. Sarajevo, Bosnia & Herzegovina (for the incredible history and the unique sight of mosques, churches and synagogues all within metres of each other) and 3. Stockholm (for the huge number of stunning and different viewpoints from all the islands / bridges!) üëåüëå",0,0,1
24,@ToyaMiani: The reason you called Jesus a monkey is because you knew he was not your color #Farrakhan#TheTime,0,1,1
25,Sitting at the bar at work watching Walking Dead and all these fucking wetbacks decide to come in &amp; turn on their spic music. Jesus Christ,0,1,1
26,That pic is now circulated by Jihadis with a call to kill him. http://t.co/PUn8fNVBal #Saudi #ISIS #Syria,0,0,1
27,@RobProvince: Do I suppokilling terrorists..... yes. Will I still mock hypocrites..... HELL YES!,0,0,1
28,@_kivnaaa: @VivaLaKash &#128514;&#128514;&#128514; on God i be thinking that . lol people at school be showing me this nigguh videos . im like &#128563; he famous oss &#128514;,0,1,1
29,"I feel like everytime a muslim community is suffering we staraising money, why dont we raise our voice and demands to end this bs. In this case we can pressure the terroristic government of Saudia Arabia to stop this.",0,0,1
30,Inshallah.,0,0,1
31,God help us all,0,0,1
32,As Muslim I feel so sorry Muslims we are killing each other,0,0,1
33,Subhan'Allahüíî,0,0,1
34,subhan Allah may Allah curse the wahhabists,0,0,1
35,"Subhanallah, we will all be questioned about this, the least we can do is make Dua",0,0,1
36,Allah Rahem.,0,0,1
37,üò≠üò≠üò≠üò≠ ya Allah rehamüò≠üò≠üò≠üò≠,0,0,1
38,This is so Sadüò≠üíî My Prayers are up for the people of Yemenüôè,0,0,1
39,This world should just end. Ya Allah please put an end to the most suffering üòûüíîüíîüíî,0,0,1
40,O Allah rehem,0,0,1
41,"Ya Allah this is such a shame ya Allah swt help these innocent children, help our Ummah, make them powerful in Imaan and strength against those who oppress them üò¢ü§≤üèª",0,0,1
42,"üíîüíîüíîHow could someone cause such innocent children and any human being soooo much pain and sleep peacefully, they will have to answer to the one and only creator and the all powerful God (the king of kings) on the Day of Judgement. Who will save them then? May Allah(SWT) have mercy on all human beings suffering such atrocities. üò• üò†üíî ‚òùÔ∏è",0,0,1
43,Ya Allah üíîüíîüíîüíî,0,0,1
44,Subhan ALLAH,0,0,1
45,Oh my Allah have mercy on these little angels!!!,0,0,1
46,May Allah bless them in abundance,0,0,1
47,Allah bless these folks and punish accordingly and even more tgose who do this to these people. Idc im allowed to make dua againts the oppressors,0,0,1
48,The Saudis are given the holiest sites for the Islamic world. These are the people who are to care for them that disregard their own brothers and sisters,0,1,1
49,Please help them if you are fortunate enough. Allah help our human souls who are in need. Celebrities help and reach out @younesbendjima @frenchmontana @djsnake @willsmith @kimkardashian @djkhaled @jadapinkettsmith @krisjenner @theellenshow,0,0,1
50,Salaam! Check out my page for Islamic shirts!,0,0,1
51,"@qudsia84 @princesskh4nix @shamila73 @jellybabiesxxxxx @zuleikhamariam @s4lmap @mezzamiah @biila_x @rani.ox @g.a.s.uk guys, let's give whatever we can, even if it's just a little. Allah accept it for them and from us. Ameen. Tag your friends too. You know I don't normally do this, but I can't not tag you guys. ‚ù§Ô∏è",0,0,1
52,@un_apologatically_muslimah well said,0,0,1
53,@na2r4 Ameen üôèüèΩüò¢,0,0,1
54,@ahmedakhonzada they are the most disgusting fake Muslims in the world!!!,0,0,1
55,"Abu Huraira reported: The Messenger of Allah, peace and blessings be upon him, said, ‚ÄúCharity does not decrease wealth, no one forgives another except that Allah increases his honor, and no one humbles himself for the sake of Allah except that Allah raises his status.‚Äù
 Source: SÃ£ahÃ£iÃÑhÃ£ Muslim 2588",0,0,1
56,"inna lilahi w inna ilayhi raji'oon, üòî",0,0,1
57,Inna lilahy wa inna lilahy rajun,0,0,1
58,May Allah grant her Jannah,0,0,1
59,She is beautiful!!! May her soul now takes it rest!! My GOD today how MUCH more will these wicked dog spirited males become! People are cold blooded blood thristy cold heartedly murdering the innocent ones instead of the GUILTY ones!!!,0,0,1
60,@muslimsoftheworld1 could you kindly have a venmo setup( because a lot of us find it easier with venmo). We donate to you and you donate to them inshaAllah.,0,0,1
61,I hate the Saudi regime! May they face the wrath of God for killing innocent Yemenis,0,1,1
62,@jaffar.is.here May allah bless u ameenüôå,0,1,1
63,@nada2771 and you too. Inshallah it ends soon,0,0,1
64,Mercy oh my Allah....mercy,0,0,1
65,"May Almighty Allah grant her Jannatul Firdaus, Ameen.",0,0,1
66,@noorsibgha @rahiquemakhtoom @aimu_mudassar @jia_muqeet Inna Lillahi Wa Inna ilaihi Rajiuun,0,0,1
67,My cousin came back from the middle East and spoke with a guy in Yemen eating mud to stay alive it's very important we all help the poor it's our duty as Muslim,0,1,1
68,Damn to saudi Arabia that they call themseves muslim!,0,1,1
69,May Allah give u strength and patience to receive the greatest reward of all for ur trial..Jannat!!! MashaAllah!,0,0,1
70,"SubhanAllah such beautiful sentiments sister! you're a beacon of strength and may Allah bless you with ever more happiness, aameen üôè",0,0,1
71,May God bless you and always keep you healthy !!!!üå∫‚ù§Ô∏è,0,0,1
72,"Wow so beautiful, ‚ù§Ô∏è‚ù§Ô∏è may Allah bless her",0,0,1
73,"Mashallah, may Allah bless you and make you stronger, your a real inspiration to many üëç",0,0,1
74,Amazing MashAllah ‚ù§Ô∏è love your positive vibes,0,0,1
75,What a beautiful inspiration MashAllah üíê,0,0,1
76,Masha Allah. May allah bless,0,0,1
77,May Allah grant u sabr and strength. Mashallah. Aameen,0,0,1
78,@hala.mah95 you are beautiful mashallah! Thank you for sharing your storyüíó,0,0,1
79,MashaAllah what an incredibly positive mind set. Wow! ‚ù£Ô∏è,0,0,1
80,You are a great inspiration to all the disabled people including myself who struggle to find the beauty in the imperfection. I pray God fortifies your beautiful penchant for life with every passing day and allows you to spread this message to all those desperately in need. Much love from my heato yours üíï,0,0,1
81,"‚ÄúAllah does not burden a soul beyond that it can bear‚Äù
 MashAllah May you be blessed",0,0,1
82,Allah barek feekee!! Truly an inspiration. Inshallah you continue to bless people with your beautiful smile,0,0,1
83,So positive subhanallah ‚ô•Ô∏è‚ô•Ô∏è,0,0,1
84,No sects in Islam only Muslim,0,0,1
85,@jaffar.omar00 then you try stay quiet. Like the Prophet speak good or stay silent.,0,0,1
86,@sami.aziz99 This is an Islamic saying. I hate that they put Sufi smh,0,0,1
87,Mashallah post,0,0,1
88,"@sami.aziz99 there are sects in Islam, we must come to this reality. Secondly, Sufi is not a sect",0,0,1
89,Allahu Akbar Masha Allahu barrakallah,0,0,1
90,"@killabillaaa well the first meeting appears to have taken place at a mosque / similar setting. They're Bosnian, it's pretty common for Bosnians to ‚Äòdate' (in the sense that you meet up and talk) even if you're religious.",0,0,1
91,This is the most beautiful and meaningful story / proposal ever !! MashaAllah! May Allah bless your marriage and Alf mabrook ! üíú,0,0,1
92,Mashallahüíú,0,0,1
93,SubhanAllah ‚ú® @gianni.yahyaa,0,0,1
94,@saaalma_m ya Allah hiw beautiful üòçüòç mashaAllah,0,0,1
95,"What we all really strive for. Subhanallah. ""Allah is the one who gave us this love, and we are the ones who should be thanking him"".",0,0,1
96,"O you who have believed, do not take the Jews and the Christians as allies. They are [in fact] allies of one another. And whoever is an ally to them among you - then indeed, he is [one] of them. Indeed, Allah guides not the wrongdoing people. Quraan (5:51)",0,0,1
97,"@ali_army9 they helped people who were traumatized,huetc,health care in America is extremely expensive and lots of people can't afford it or go bankrupt trying,they raised money for these people and they did Dawah,in today's world where the media shows Muslims to be horrible these people showed that we aren't and that we should help people regardless of religion",0,1,1
98,"@_.yasemindemir._ I'm sorry for saying those words. I do not want to cause any harm to anyone but as a Muslim I am worried about the Muslims in Palestine. You're right, and I repeat that they forgive if I have offended someone. üåô",0,1,1
99,"@yusrabz as a Muslim revefrom a Jewish/Christian family, I care DEEPLY for the people of Palestine and other areas. I always donate what I can, but we must remember love and charity goes to all. When people of different faiths see us helping it can encourage them to be Muslim and see the truth. I converted because I saw the beauty of Islam and it's kindness. We have enough faith to share with everyone.",0,1,1
100,@svbhi What in the world does that have anything to do with doing good as a Muslim ?,0,0,1
101,I'm Palestinian but not all Jews are israelies people. Actually that's really nice,0,0,1
102,The things American Muslims are doing to fit in.,0,0,1
103,"Beautiful story, marriage can end anytime no matter how big the love is between you and husband and and love will change to hate but subhanalaah the love between mother and her children is always unconditional love no matter what your children do you will always pray and love them.
 May allah bless your beautiful babies and give you the strength to bring them up.üíïbig respect üíï",0,0,1
104,"@lubna_abura you may have lost a husband, but u gained two bundles of joy! Mashallah they are adorable. I wish you all the best life can offer.",0,0,1
105,SubhanAllah o mashallah,0,0,1
106,"Congratulations on your bundles of joy üòçüò¢, I can relate, I have twins too, it can be a truly overwhelmingly beautiful time of ones life, Instead of one bundle Allah blesses you with two. But with me it's the other way around I was diagnosed with the C****r last yr, can't cope with the thought of maybe having to depafrom them. May Allah give us the hope & strength we need xx @lubna_abura",0,0,1
107,Mashallah,0,0,1
108,SubhanAllah. Caption is so moving. You see the blessings within your trial. Alhamdulillah üòò @lubna_abura,0,0,1
109,What a beautiful thought may Allah shower you with abundance of strength and patience dear ‚ù§Ô∏è,0,0,1
110,If Allah can give you twins He will provide for them too. Have patience and lots of trust in Him. He is the best planner nurturer have no despair,0,0,1
111,@dh_07x Read surah al fateha on water 7 times and drink it. Do this every day and insha Allah you will heal. may Allah give you quick shifa ameen.,0,0,1
112,@essma1018 Ameen üå∏,0,0,1
113,@sabinakhan510 mashÿßŸÑŸÑŸá. Wa tabarakÿßŸÑŸÑŸá indeed ÿßŸÑŸÑŸá is the Most Merciful. May you have the good you have here all the way in Jannah Firdaous.,0,0,1
114,@damacey_ali_amir Ameen JAK. üå∏,0,0,1
115,@afrah99 Jak Ameen,0,0,1
116,"I am a mom of twins boys, they just turned 6 months! Its hard. Very very hard. But you can do it üòç Allah y7mehm",0,0,1
117,South Africa ..... strong Muslim influence.....get the youth involved,0,0,1
118,Great story ....... and u should be a grateful for Allah that he chosen u to be a Muslim ........ its the greatest winning of your life ........ I wish u happiness,0,0,1
119,"Wow that is so amazing and inspirational... I'm not a second generation nor am I as young as you and many of your commenters... I have lived many years lost and confused despite having loving, caring Muslim parents. To read that beautiful YOUNG people like you have the maturity, strength, conviction AND wisdom to take responsibility of your Deen at such an early age is so admirable. You put me to shame... May Allah continually bless you and guide you and keep you on the right path and myself and the rest of our community too! Amen. Much love.",0,0,1
120,May Allah grant you blessing double from your struggle ‚òòÔ∏èüôèüèª,0,0,1
121,May Allah bless u ‚ò∫Ô∏è,0,0,1
122,"Masya Alloh, alhamdulillah, Allohu Akbar, Tabarrakalloh.. ‚ù§Ô∏è‚ù§Ô∏è‚ù§Ô∏è‚ù§Ô∏è",0,0,1
123,üòçüòçüòçüòç You are lucky Masha Allah and i knew this must be in morroco May Allah bless us all and learning the quran is the best thing you have ever did. I wished i could be like you. You are Amazing !! Beautiful pic,0,0,1
124,Mashaallah üòçüòç,0,0,1
125,Assalamualaikum sis @abdiya.iman you taught Quran in Morocco so what do think about aya 31 from ‚Äúsurat alnoor‚Äù chapter 24 ?? .. with my respect ‚ò∫Ô∏è,0,0,1
126,"It's very motivating and I believe you can be of a positive influence and suppoto many struggling with either accepting Islam or living life as Muslims. I didn't see anything like that on your instagram, it's more fashion. So can you send where exactly you went in Morocco to learn the Quran and who exactly to contact if others can go to get help with Islam",0,0,1
127,"When I was 18 years old I converted to Islam, before I was Catholic; I spent a few years looking for the Truth, and asking God to grant it to me, AlhamduLillah I found The Truth and that was my happiness, to know Allah, S.W.T. and this beautiful religion.",0,0,1
128,MaaShaa Allah! üòá,0,0,1
129,What a beautiful read! Allah keep you & us on the path of deen,0,0,1
130,@bayan_b.d I am not a Qur'an teacher,0,0,1
131,Masha Allah üëåüëåüëåüëåüëåüëåüëåüëå,0,0,1
132,Beautiful mashallah! Thanks for sharing.,0,0,1
133,Subhanallah! What a beautiful story to inspire those struggling to find their deen.,0,0,1
134,"@lover_of_awliya_allah especially if the reveis a blonde, blue-eyed white man. It's not wrong though.",0,0,1
135,Ma'Sha'Allah üôèüèº,0,0,1
136,Mashallah,0,0,1
137,May Allah bless you,0,0,1
138,"Will there be something like this in Canada? Id love to go to this, insha Allah.",0,0,1
139,"We must respect the living of whom bare God's truth and are shepherds to God's people. We respect the dead of whom had exhibited God's truth and Jesus' example during their lives here, before their moment of death. Jesus came to heal the ill of faith and the sinner, as a physician comes to heal the ill of the physical body. Pope Francis is a very good man and a very worthy shepherd. He exhibits gifts of spiritual healing towards the Master's sheep.",0,0,1
140,Praise God!,0,0,1
141,What a love in Christ Jesus,0,0,1
142,you are saying a big thing what your saying is not from your knowleg or your for fathers its not more than a lie i sayed this becuse you pointed to god as a father,0,0,1
143,amenüíô,0,0,1
144,Am√©m üôèüôè,0,0,1
145,Amen,0,0,1
146,Why does the pope have an instagram,0,0,1
147,"@AtheistRepublic Religion can really fuck with a person's mind that even the children's children of slaves thank ""The lord"" for slavery.",0,0,1
148,I'm sooo tired of this make believe shit! When are people going to wake the fuck up! Religion is the root of all war! Look at the history of the world! #whataminotseeing,0,0,1
149,"Religion trying to fuck the hell out of the State, again. https://t.co/BbEYnYc2En",0,0,1
150,@ChnkyLve I wish you could hear this dude. He has brought everything back in his life to Jesus' will. Tell me how the fuck organized religion can't be considered a cult?,0,0,1
151,"@LeonKnight_: U get your reward in the afterlife, only if u are a good slave! Fuck religion!",0,0,1
152,"Fuck ID Your belief, do you believe Islam is a right religion? ‚Äî No, I believe all the religions have been created by humans.",0,0,1
153,It's a NO for the fucking religion and a big motherfucking YES for justice equality and freedom fuck the religion,0,0,1
154,"If you're stupid and scared to die, try religion. And fuck it, try arbys too. Try whatever you want. Once it goes black you never go back.",0,0,1
155,how to get into the mindset of a christian bc what the fuck is this religion exam,0,0,1
156,@MagdaDavitt77 Fuck Religion (with lyrics) https://t.co/wNRrTsxF53 via @YouTube,0,0,1
157,"@Chimeraish Fuck... Everywhere in the world religion is a pain in the ass. Even then, it still exists... Don't even know for whatt. :-(",0,0,1
158,beto saying fuck is my religion,0,0,1
159,Religion is the victory of narrative over facts. Science is the victory of facts over narrative. Trumpism is a religion. Fuck religion.,0,0,1
160,"Beware of the christian, theyre both trying to staa holy war. Sorry but fuck no, I hate the idea of millions dying for the sake of pure lies, memes of their time thats all religion is. https://t.co/WcCjmkL5wV",0,0,1
161,How the fuck can a MUSLIM stop a speaker at an ENGLISH university?..... YOU BETTER BELIEVE THAT THE ENGLISH GOVERNMENT IS IN THE POCKETS OF THE PAEDO FUCKIN RELIGION √∞≈∏Àú¬° https://t.co/bzv4PkGn5c,0,0,1
162,Religion is so dumb like actually what the fuck were people thinking,0,0,1
163,i get so mad every time someone says they are pro-life because that's like . a big discussion my country had this year (still going on) and it upsets me so much how religion can fuck people lifes,0,0,1
164,"Drop the islam, christianity, new age religion, buddah, and european stuff. Find out what traditional Afrikan practices, spirituality, and psychology is about and apply them to your daily life. Learn an Afrikan language (fuck english). Your world will change drastically.",0,1,1
165,"@redpillarchive @ReignbowFright @Atheism_Has_Nil Fuck Islam. It's no better than any other religion. In many ways, it's worse. But that isn't at issue for the moment. You said math and science can prove god. I'm listening/reading.",0,0,1
166,Fuck the Bible. How dare you want to selectively impose a man made up belief system onto young minds without teaching ALL the impacts that religion has had on society and history. It hasn't been pretty and young minds need to now ALL the facts. Is this education or recruitment?,0,0,1
167,Bisexual JESUS,1,0,1
168,@eastcoastwolf Amen...Your photos are so lovely and wholesome! Your face is like an angel....so sweet! Take care and God bless You!,1,0,1
169,@RakwonOGOD: U hoes going to church this morning like y'all wasn't busting it wide open for niggas about 4 hours ago,1,1,1
170,@rachael_goss: Who wants to chill on campus w me &amp; throw bibles at bitches taking the walk of shame&#10067;&#10068;,1,0,1
171,@sheemteam97: Fuck the Islamic State!! We will kill those cunts&#127468;&#127463;,1,0,1
172,Roman Catholics in the US are trash. They give Catholics in Europe a bad name.,1,1,1
173,So many bitches in one sentence #fixitjesus,1,0,1
174,TRUST ME when I say that #JesusChrist would be KILLING #faggots if he came back to life in today's day and age&gt; #Spartacus #Rome,1,0,1
175,The leftist/homosexual war on the #Catholic church kicked into high gear with the infiltration of the priesthood by boy-raping fags...,1,0,1
176,"Typically hateful, anti-Christian, mentally ill and ugly dyke trash pig couple Jennifer McCarthy and Melisa Erwin http://t.co/tW9Nl5Hkmt",1,0,1
177,"You #football #nigga #KISS #ISIS #wifebeater #faggots&gt; WE SEE YOU&gt; Shout it out to the RADICAL #IslamNation, #YO&gt;",1,1,1
178,fucking CHRIST i hate tutors and TAs. you literally get paid to teach retards to stop picking their nose. GET THE FUCK OUTTA MY FACE,1,0,1
179,hope gezus gets shot in his faggot head #houston #nbombs,1,0,1
180,"@RWzr: Too many faithful girls are single, and too many hoes are taken.",1,0,1
181,"@RealSexNotes: Too many faithful girls are single, and too many hoes are taken.",1,0,1
182,"@ReverendGrim: God bless those delusional bitches still trying to keep ""duck face"" alive.",1,0,1
183,@RhineRunIt: Henny &amp; hoes. @TiFFANY_P0RSCHE: Peace &amp; tranquillity &#8220;@daddykn0wsbest: If you were a Greek Mythical God&#8230;what would u be &#8230;,1,1,1
184,"@Rockprincess818: Obama is Allowing millions of illegal aliens, drug cartels, and terrorists to enter our open borders...Liberal retards&#8230;",1,0,1
185,@SLeyTMF: I aint nun to cut that bitch off,1,0,1
186,@Say_Lil_Zack: Why y'all's ain't do nun when the fat bitch jumped on me! Yall a trip&#8252;&#65039;,1,0,1
187,@SexualTruth: Jesus turns water into wine; Instagram turns busted bitches into dimes.,1,0,1
188,@Sexualgif: if you pass up the chance with a hot faithful girl cause the single life with hoes is on your mind you are just plain dumb m&#8230;,1,0,1
189,@Shirleeey___: &#8220;@Satisfied_x: At this Hispanic church. Jesus please respond to her&#128514;&#128514; https://t.co/JG0oL54Ney&#8221;&#128128;&#128514; you a hoe for this,1,0,1
190,"@StevStiffler: If her bio says ""Only God can judge me"" she's a hoe.",1,0,1
191,@TattedPapiChulo: Having a real bitch by your side and holding it down for you is a blessing &#128591; For Real.,1,0,1
192,@TheGoogleFactz: Cheating and having hoes gets old. Everyone should want to reach a point where they're mature enough to stay faithful &amp;&#8230;,1,0,1
193,@ThinkLikeRandy: When you've got 5 or 6 hoes every one of them sees her man as god.That's why you don't have sex with them very often. -&#8230;,1,0,1
194,@TommyShiner: Never snapchat will bishop. He is a screenshotting son of a bitch,1,0,1
195,"@VRTWxrk_Flash: Mac 10 lay on the floor like a matress ""@yungchipotle: Young based god came straight for the bitches""",1,0,1
196,"@_Kristin_Nikole: ""@zzachbarness: Swear AG ugly den a bitch. He look like a possum and giraffe mix breed."" This isnt funny. But I died l&#8230;",1,0,1
197,@_OgElizabeth: On god yall hoes better get off my twitter,1,0,1
198,@_posterboi: &#128591; Lord please don't let this bitch kill my vibe.,1,0,1
199,"@andrewtylerdick: &#8220;@ZWHITE93: Or... Run wildcat. Let Romo run that deep post, and have Murray bomb that bitch to Tony&#8221; &#128514;&#128514;&#128514;&#128514;&#128514;&#128514;&#128514;&#128514;&#128514;&#128514;&#128514;",1,0,1
200,@capflowwatch: Apple CEO says &#8216;Being gay is a gift from God&#8217; as paof campaign to sell iPhone to queers.. http://t.co/lZE2E0wUyV,1,0,1
201,"Monsters that hide behind a religion to prey on children are the worst kind. If you protect, defend of make excuses for monsters. You are just as bad as they are. @franciscus is a gutless coward",1,0,1
202,Yeah you let the culture change when you let the chistrians fuck you with their religion. Yet you don't wanna talk about how our oldest traditions pay homage to our own God's aye!!! Now u wanna talk about sacred traditions fuckoutahea!!!,1,0,1
203,"@TheApostate94: Muslim: *claims their religion teaches them moral superiority, the ability to empathise &amp; respect others' opinions* Me: *puts forward fact showcasing Muhammad to be a cynical misogynist*
 Muslim: fuck you! I hope you're raped & stoned for disrespecting my beliefs! #muslimlogic",1,0,1
204,@JohnTibbs65 Who the fuck believes in god anymore. Religion was created to manipulate the masses. Basically ancient stories that civilizations told about the sun and stars above them. The church is the more evil institution to ever exist..,1,0,1
205,@ayehuasca: you know mfs trippin when they statalking abt politics you know mfs HIGH AF FUCK when they statalking abt gods and religion,1,0,1
206,"@sanjukta: I am a proud beef and pork eater, along with mutton fish rabbit duck. Animals or plants, we eat anything edible. Fuck all religion.",1,0,1
207,"@MariyaAlexander: Dear Women: Fuck you. Sincerely, Every Religion",1,0,1
208,"@koochiq civilization, the game it usually turns into a game of, FUCK YOU I WAS MAKING THAT NATIONAL MONUMENT, and, GET YOUR RELIGION OUT OF MY COUNTRY",1,0,1
209,"Time to stagetting these dirty muslims out of here, if Australia doesn't do something soon we'll end up like America. Inocent people shouldn't have to die because of these rats, there race and religion is putrid. Fit in or fuck off, it's that simple!!",1,1,1
210,@wvjoe911 Yes and God once told me I'd fuck Pamela Anderson and it hasn't yet. I know what God told me. Religion is a scam,1,0,1
211,"Imagine being raped &amp; told you're in a gang &amp; defended by a gang, or perhaps you like the next gang or maybe the next... It's nice to know rape is the initiation &amp; you'll be loved, Oh ! Here comes the church to save you ! All of you, truly FUCK OFF ! No Gangs &amp; No religion.",1,0,1
212,"Read this. Quite frankly, fuck the ""conscientious objectors"". Religion - and anyone telling you these objections aren't rooted in religion is being deeply dishonest - has no place in a domain where science and compassion should reign.",1,0,1
213,"@summer_armond: if you are christian, and you compare your religion to being gay... fuck you",1,0,1
214,@martuwu_ fuck religion,1,0,1
215,"Fuck your arabic identity, fuck your lebanese identity as well.
 This society will never change as long as it is controlled by religion and blind fucks who tell you that a woman should wear some soof curtains from head to toe, covering her body and her rights to have a decent -",1,1,1
216,"Always anointed to serve and do the heavy lifting, never good enough to be recognized as leaders. Reason #2951 why I <personally> don't fuck with Orthodox religion.",1,0,1
217,"I don't give a fuck about religious feelings. Retweet if you feel the same. If not, stay silent and let religion dictate acceptable speech.",1,0,1
218,@marcodelrio1610: Gods don't exist. Homeopathy doesn't work. Ghosts don't exist. Astrology is bollocks. Magic doesn't exist. Animals are better than us. Earth isn't flat. Vaccines work. Religion is man made. Chemtrails aren't real. Hunting sucks. Black lives matter. We're all immigrants Fuck Trump,1,0,1
219,Fuck true religion,1,0,1
220,religion and culture stress me the fuck out so bad jesus,1,0,1
221,"Fuck your religion, your pastor fucked kids",1,0,1
222,A lie doesn't become true just because people believe it. That's my opinion on religion fuck you im going to bed.,1,0,1
223,"Bitch who the fuck cares? Y'all religious people are SO fucking annoying. religion is man made, get the fuck over it https://t.co/rNi4vocPD7",1,0,1
224,Gods don't exist. Homeopathy doesn't work. Ghosts don't exist. Astrology is bollocks. Magic doesn't exist. Animals are better than us. Earth isn't flat. Vaccines work. Religion is man made. Chemtrails aren't real. Hunting sucks. Black lives matter. We're all immigrants Fuck Trump,1,0,1
225,Don't use religion as an excuse to be disgusting and then play the victim and then use it as if you're ‚ÄúHolyer Than Thou.‚Äù You're fucking disgusting if you use the Bible as an excuse to bash people for who they are as a human. Fuck you. ,1,0,1
226,@NocturnaGermani lol fuck no im anti religion. people need to snap outta that brain washing,1,0,1
227,"@nowthisnews Yeah, fuck religion. That's my submission.",1,0,1
228,I make jokes you fucktards. Fuck off my comments with vegan religion. Muted muted muted.. I can do this all day. Go be a shit somewhere else.,1,0,1
229,dude FUCK anyone against abortion. FUCK anyone who uses their religion as an argument for banning it. fuck all of you for trying to put your dumb ass beliefs into other people's lives that will NEVER effect you !!,1,0,1
230,"Fuck your religion, your pastor fucked kids",1,0,1
231,Fuck religion https://t.co/HWKZma3n8r,1,0,1
232,@Thatdamnhamm She didn't even want me to tell her the meaning of it. She practically tuned me. I instantly left it alone and thought to myself how religion really will fuck your life up.,1,0,1
233,Imagine this being a Muslim and the girl being a Christian. Or hell imagine it was an group of atheists doing this to a Christian girl. This is so cruel and wrong. Fuck your religion https://t.co/WHQtyECYFw,1,0,1
234,@CBCNews Religion of peace strikes again. When the fuck are we going to say no to these animals,1,0,1
235,Religion is pissing over mankind.. fuck religion and sky gods https://t.co/8rWBwXjAyA,1,0,1
236,Bc non-English-speaking people are less likely to report. FUCK. Can we just end men and religion (also man-made) already?? https://t.co/pQdMJKxWdb,1,0,1
237,"The twitter India motor f***ker hypocrite bstrd has given this reply for the tweet of Sanjukta Basu, in which she said ""Fuck all religion""... These people's are AntiHindu rascals and Pro jehaadi Pro antinationals. shamelessness of @TwitterIndia #ISupportJagratiShukla https://t.co/FFoQfh5ZWA",1,1,1
238,Fuck politics and fuck religion. I just want to swing a few lefts and a few rights for a couple of hundred mill in peace.,1,0,1
239,It's literally a fantasy tv show and you're a fantasy religion fuck off https://t.co/8feqGC81OY,1,0,1
240,@skuddbutt @BlackestWoman Cuz their religion is suppressive as fuck. :(,1,0,1
241,"Our people are dying because of their religion, race, or just because. How dare we all allow people to purchase a gun legally and shoot up synagogues, bars, movie theaters, schools, mosques, restaurants, and churches I know I'm shouting into a void but FUCK THIS. How do we fix it",1,1,1
242,"Fucking hell, religion just needs to fuck off, even the cool kids are turning into assholes. https://t.co/GswBhf79n4",1,0,1
243,"@ShatabdiC_27 @viswas_mr @ShefVaidya chutiye, the basic tenet of islam is not even acknowledging other religion.. how the fuck will they respect others?",1,0,1
244,"Sometimes I think I should stagoing to church or something, and then later I'm like wait organized religion is one of the evils plaguing our society right now.. fuck.",1,0,1
245,#da27 fuck religion,1,0,1
246,"@DoRtChristians Why the fuck are u tagging my home county fire into this god-fearing bullshit? Fuck off. Seriously. Our world is burning &amp; dying because of people like you who don't believe in reality, &amp; instead focus on your shit religion. Do s",1,0,1
247,Fuck religion. Fuck it.,1,0,1
248,"@LeonKnight_: U get your reward in the afterlife, only if u are a good slave! Fuck religion!",1,0,1
249,"@LeonKnight_: U get your reward in the afterlife, only if u are a good slave! Fuck religion!",1,0,1
250,"@LeonKnight_: U get your reward in the afterlife, only if u are a good slave! Fuck religion!",1,0,1
251,"U get your reward in the afterlife, only if u are a good slave! Fuck religion!",1,0,1
252,Gods don't exist. Homeopathy doesn't work. Ghosts don't exist. Astrology is bollocks. Magic doesn't exist. Animals are better than us. Earth isn't flat. Vaccines work. Religion is man made. Chemtrails aren't real. Hunting sucks. Black lives matter. We're all immigrants Fuck Trump,1,0,1
253,Fuck your shity religion.,1,0,1
254,Before any Savarna/Brahmin wants to proclaim himself as Anti-Caste. Get the fuck out of Hinduism. Being in any type of religion is stupidity and you are putting up with yourself crap written by some assholes way back.,1,0,1
255,If you believe that religion should be an important paof America. Please fuck off.,1,1,1
256,"""i cant eat pork, it's against my religion, so i'm going to kill myself"" ""actually, that's also against your religion"" ""FUCK""",1,0,1
257,"Literally fuck society, people suck, our government and religion is corrupt, and I bet hella people will say shit about this tweet because I'm voicing my feelings and opinion.",1,0,1
258,"I'm sick of religion, all religion. Fuck off with your little mind go crawl back into your echo chamber.",1,0,1
259,Another #catholicpreist caught doing sht with kids in DC....y'all parents should feel STUPID keep dropping/forcing these kids off to CHURCH and they going through HELL....religion is bullsht it's what keeps us separated like politics....i feel bad for the kids and FUCK THE PARENT,1,0,1
260,"-with religion as justification for terribleness/terrible deeds, and just the overall stunning lack of empathy and logic in American politics and in American society. We are all living in a sick, twisted reality. Holy fuck.",1,1,1
261,Shame on people who kept comparing us to animals as if animals didn't behave a THOUSAND TIMES better than us. And shame on people who blamed the rapist but only because it was against their religion AS IF YOU NEEDED A GOD to tell you when something was morally corrupt or not fuck,1,0,1
262,@RemoWil27894360 @andrewfharley @robertson2803 @ATree87571299 @MSNBC LMAO I knew it !! Lmao it's insane. Ur so picked on. I'm atheist so I happen to think all religion is bull shit. But I respect the right to worship whatever the fuck u want as ridic,1,0,1
263,imagine voting an absolute piece of shit because of religion what the fuck is up with y'all,1,0,1
264,Didnt vote for him but if that's what his religion is telling him to believe how can you say you want equal and fairness for all but at the same time say fuck you to him? https://t.co/fS3tr8l0ZR,1,0,1
265,people who still use religion to back up their politics drop me ur addy and square the fuck up,1,0,1
266,"I am sick and tired of people like @jaredpolis ending his speech with ""God bless Colorado"". We are not religious and this is a""fuck you"" to all of us! Religion is precisely the problem at the moment. Call out this dismissing of us and our vital role in the US. We matter!",1,0,1
267,@karanku100 I just mock losers like you. You suppoterrorists bcoz they belong your religion. You justify &amp; rejoice deaths of Kashmiri youths by called them Jihadi &amp; I see you have some audacity to call me Jihadi. Please fuck off frm my mentions,1,0,1
268,@hixeok this is very very true!!!! religion is at the base of hate and division. and we need to get it the FUCK out of our policies and government. that's why we're such a conservative country. people feel to strongly on that shit,1,0,1
269,Like why is social justice starting to look like some kind of bigoted religion? Fuck weh wid dat.,1,0,1
270,Fuck true religion more like edating religon amirite,1,0,1
271,"Christians are idiots idc fuck y'all stupid ass religion, PERIOD.",1,0,1
272,shut the fuck up with your religion bullshit https://t.co/3WyaVv11oP,1,0,1
273,"My religious followers?? GOOD for you. I'm not saying you can't have a religion or practice it, and I'm not shitting on anybody's god, here. I'm saying FUCK YOU to all of the ""good Christians"" and catholic zealots who have RUINED this country, and this WORLD.",1,0,1
274,Fuck Politics &amp; Fuck Religion. Goodnight y'all.,1,0,1
275,Fuck religion &amp; fuck politics,1,0,1
276,@LordReynolds Fuck I hate religion and those who are duped by it.,1,0,1
277,@AndrewToutge Its not an opinion that's the fucking gag. You're using your western religion to back your transphobia which is ignorant considering there's more shit going on in the Bible. Fuck your god,1,1,1
278,Fuck religion. I believe in God not the representatives. How do we listen to perverted preachers willing to fuck us in God's name?,1,0,1
279,FUCK religion for a lot of reasons but most importantly for creating capitalism,1,0,1
280,"Could not give a fuck their religion. As a Jew, they are attention seeking pricks and can go forth https://t.co/BabSgkwxC7",1,0,1
281,"@senthorun The amount of moderate followers that have been lost as a result of this is a double kick in the nuts. So many of us have ""seen the light"" and moved on. Good I say. Fuck religion. I'm preaching humanity from now",1,0,1
282,FUCK DONALD TRUMP ..AND THEY DIDNT SEE THE YOUR RELIGION THEY SAW YOUR RACIST HAT ..YOU DUMB JEWISH BITCHES LOL... https://t.co/JPfa2aTjQW,1,0,1
283,@Magdadavitt7 Hurray! Camel piss drinking #SineadOConnor blocked me. Fuck the religion of Piss. https://t.co/BzXSG06kHE,1,0,1
284,"This shit in Pakistan is fucking nuts dude. Trying to kill the lawyer for defending the woman, the judge for finding her innocent and her for being innocent. Fuck organised religion man",1,1,1
285,Fuck true religion more like edating religon amirite,1,0,1
286,@KyleCoelhoooo No disrespect but fuck religion,1,0,1
287,"@RepMattShea Re; your holy Army shit--Hey fuckwad..The bible is NOT the rule of the world. It's a book written by HUMANS, just like the torah,the Qabala etc etc. Go FUCK JESUS IN THE ASS dude!! This IS NOT an exclusively Christian nation! IT's Freedom of",1,0,1
288,isaiah 43:2 ‚Äúlet's go fuck up some comma. we all know religion is a joke these ppl r delusional idc,1,0,1
289,politics and religion is the same shit. If you not with them they're all against you. Shit dumb as fuck. leave me be and let me live how i feel.,1,0,1
290,@Satwant92308142 No the fuck it's not. Don't you dare bring religion into this you weirdo,1,0,1
291,Growing up mormon damaged my sexuality and individuality. I left the church at 12 years old. At 27 it still ruins my relationships and mental health. Fuck Religion,1,0,1
292,@AupolNews Little Linda can fuck off and take her shit religion with her,1,0,1
293,@phpups: u want this? say fuck organized religion first,1,0,1
294,"I hate how religion/society demonizes those that don't ""obey."" The fuck? I'm not your servant or bitch and these days a servant has rights. And prisoners have rights too. Stop hurting people and they'll want to ""obey"" which is actually not healthy. Do you tell your wife to (1/3)",1,0,1
295,"@Liv_Boeree Fuck religion just assume that this is it and life ends after death. Enjoy life while it lasts nothing more will happen. If you are simulated so be it, just live, learn, discover, grow, expierience and be nice to one another. You do not need h",1,0,1
296,Fuck true religion more like edating religon amirite,1,0,1
297,@marcorubio pastor marco the hypocritic just fuck of you bible pushing dimwitted idiot. Keep your fucking religion out of politics. Jesus fucking christ.,1,0,1
298,echoes..fuck you..your family..your friends..your religion ..your culture..your face..your mom..you sister....your head....your family..fuck you siick mother fukcer..coward thief asshole crook Nazi irish white trash fucking cop...fuck you your family......dead mother fucker.,1,1,1
299,Yes to Abortion. Yes to Absolute Divorce. Yes to Contraceptives. Yes to Sexual Freedom. You don't like it? Dont do it. That doesn't give you the right to take away other people's choices. Fuck you and conservatism. Keep religion out of state affairs.,1,0,1
300,fuck catholicism. the ooh la la la comeback stage is my religion now,1,0,1
301,"Happy 5th November, - Long story short, do not fuck with the king, do not try to blow people up for religion. How do we celebrate this? We throw the body of a Catholic man on to a fire every year. Have good night kids. https://t.co/9JhtWyPbTf",1,0,1
302,"who am I kidding, fuck religion, fuck the church.",1,0,1
303,"74% of voters for the Christian Party in Sweden wants to collaborate with the racist party. 67% of voters for the primary right-leaning party want to collaborate with the racist party. fuck religion, and fuck ""the right""",1,0,1
304,"AGAIN, FUCK RELIGION! https://t.co/B0NLefXyZz",1,0,1
305,"@Ban_Ana_XO4 I just don't believe in religion. If this region was never colonized, we wouldn't even know what the fuck Christianity or Catholicism ever was. And too many things out there that just don't make sense if anything about religion were true.",1,0,1
306,"Lost my faith, there is no god. Fuck religion.",1,0,1
307,Idk why Christians use their religion as an excuse for being homophobic we- wasn't Jesus so ugly that only one person would fuck him and that one person was a man SKKSKS,1,0,1
308,Damn devils got my shit banned fuck you jewish people how you turn a nationality into a religion wdf that's like me saying I'm chineseish fucking devils,1,0,1
309,A Christian acquaintance on Facebook posted praise to God for a new BMW. They wonder why people hate religion. Fuck her and fuck religion.,1,0,1
310,"An absolute disgrace, I don't like any religion, but to favour Islam! Fuck the establishment https://t.co/fSOGTdVpNs",1,0,1
311,Can't believe the man who built the temple of God is so horny all the time. Fuck religion let's just fuck ourselves to death.,1,0,1
312,Bullshit Christian Body of india. Who saves rapist and molester priests. So called contractors of religion. Fuck them all. https://t.co/n2EFpIH9uW,1,0,1
313,"@AMike4761 Why anyone is still listening to this idiot ""pope"" or any religious institution is beyond me. Time to dissolve religion as anyone with eyes can see the bullshit it is and the bullshit it stands for. Fuck the pope and his religion, it's been p",1,0,1
314,"Be free from religion, you people are so stupid it's a reflection of your faith in my country, we are going to fuck Muslim children in future, let's dance with the devil",1,0,1
315,I really like it when atheists who hold people of faith in contempt act like THEY are the theological experts and can tell these ignorant loser theists what the fuck is up with their religion.,1,0,1
316,"Zombieland Saga is my new religion, fuck Jesus! #zombielandsaga https://t.co/ODQEejeAZ7",1,0,1
317,@realDonaldTrump whole family are practically jewish n he is a christian n supports isreal n the jews but the democrats suppomuslims that hate jews n despise the one true god n it aint some bitch called allah fuck isalm n the religion of death n destru,1,0,1
318,People are of/without religion. Are they recognized as adults legally? Then they are men. Kindly fuck off with your religion. Bless up https://t.co/u1jVdrWdx4,1,0,1
319,Fuck Islam Fuck mohammed Fuck Allah,1,0,1
320,@huhana @LexieMatheson Those bloody tauiwi &amp;their fuck'd up religion. Aue!,1,1,1
321,@fekerksa_en fuck your bullshit religion. Blasphemy is not a crime. https://t.co/e5V8bWeHsU,1,0,1
322,"Just saw a jewelry commercial with a man proposing to another man and a woman proposing to a man and I thought fuck Trump, fuck Republicans, fuck religion, the world is moving forward and while progress might be slowed, it cannot be stopped.",1,1,1
323,@bohemiantoo @2getbrown @StevieG_Loyal @arthuredelstein @crimesofbrits Aye because the people that died during both the world wars had a say in the colonasim of the past. Fact is they went to a war when they had no choice. Fuck all to do with religion or,1,0,1
324,"Just watched disobedience... Left mr angry at Jewish orthodoxy. Rather, all religious practice that deny people their humanity. Fuck religion. https://t.co/ehInSuuQ1I",1,0,1
325,"@wvjoe911 Okay, here's some ""ungodly"" for that bastard: Fuck religion! and fuck his fantasy god! Conservative ""Christianity"" is a FRAUD...",1,0,1
326,"#Alminia Fuck Qatar, Fuck Islamists, Fuck Liars and Killers. Religion of Peace my butt, practice what you preach A*Holes",1,0,1
327,"(AND ODDLY, this is just a ME PROBLEM where like - Are OTHER PEOPLE ignorant self-deluding fools for religion? Devout Christians (who don't suck), Muslims, spiritual Buddhists, are they - NO!!!! FUCK OFF WITH THAT! FUCK OFF IMMEDIATELY!!! ...but ME doing it is *BAD, OK?*)",1,0,1
328,@Michell17256783: @real_farmacist Fuck you Donald Trump your religion is paid for by Russians,1,0,1
329,"Am I anti catholic, aye! Yer religion is responsible for a very high percentage of the worlds rape crime figures. Unless you're a catholic that's done something to stop your religion abusing weans then fuck you.",1,0,1
330,"Fuck politics, fuck religion, fuck Neil Lennon it's all about the rangers WATP",1,0,1
331,Why the religion says that Jesus create the man to be with woman. When man can fuck each other and woman can either fuck each other.,1,0,1
332,Got it! So Christianity BAD! Atheism GOOD! Got it! Take down all Christian symbols because it offends people...... for no good reason.... other than fuck their religion. Got it!,1,0,1
333,"Chinese in name. Religion, Islam. Learn the difference, you raggedy ass bitch. And how the fuck did you get your hands on another person's mail huh! https://t.co/dn6R7qA5XF",1,1,1
334,Fuck religion,1,0,1
335,"Fuck nationalism &amp; religion. My place of origin is my mother's womb. My creator is her eggs &amp; my fathers sperm. Oh, and chemistry.",1,0,1
336,@Riilu_ Because Christianity in politics. Fuck religion.,1,0,1
337,Thanksgiving at my momma house this year fuck her. She and her wack ass religion not ruining my holidays.,1,0,1
338,christianity tires me the fuck out when is this religion course going to end,1,0,1
339,Fuck religion https://t.co/tn74YSeP2Z,1,0,1
340,@AlienGirlUltra: I'd RATHER BE AN HONEST SINNER THAN A LYING HYPOCRITE. Fuck Organized Religion and your CLOSED MINDEDNESS.,1,0,1
341,@Angie18548707 They should be ashamed... these jihadists have no right to take over and preach their disgusting hate religion on our streets. Met police need to grow some balls and sothis shit out its a Christian country... fuck'em,1,1,1
342,I don't have to work for a secret program. I just open my eyes. And the government controlled our mind with everything from religion to Media... Oh yeah fuck our president he down with it and he know it...,1,0,1
343,"""Religious beliefs"" as a Christian go fuck yourselves. Any religion (Judaism, Christianity, Islam, Buddhism, Sikhism, don't care which) that promotes the banning of a HOLIDAY that is for CHILDREN (idgaf if it's a holiday rooted in pagan/satanic worship) has no place in England. https://t.co/AZNqhgqwy2",1,0,1
344,I don't get why negroes always traveling to white countries. Take your ass to Africa!,0,1,0
345,lmao how funny that true does know where the camara at lol,0,0,0
346,@art_is_forever when did she publicly thank him?,0,0,0
347,Post a picture of Khloe already!!!!! Come on!!!!,0,0,0
348,@progreenlc no we don't. When did he become the poster child for faithful partner? Please. They all do it. He just got caught.,0,0,0
349,@art_is_forever thank her forrrr......,0,0,0
350,"Thank you Coach James, you will be Miss assistant lueü§¶üèΩ‚Äç‚ôÄÔ∏è",0,0,0
351,Respect,0,0,0
352,Here is a Halloween costume ...Can you be a father to you son for a day?,0,0,0
353,Why don't you post your SON so ridiculous. Ur a slave to white people make me sick to my stomach ü§Æ,0,1,0
354,@giselle_is_my_name if you really have to ask how then please keep stanning üòÇüòÇ,0,0,0
355,aree u even involved in your daughters life?,0,0,0
356,SAME,0,0,0
357,Can't believe you dissed the raps and y'all are 0 in 6 now,0,0,0
358,@gabyby22 fathering a child has nothing to do with committing to khloe. You can be a good father without staying with the mother of your child,0,0,0
359,Into supreme?,0,0,0
360,@anizyx How is he breaking his daughter's heaim waiting?,0,0,0
361,@giselle_is_my_name the previous post boo boo,0,0,0
362,Amazing üòç,0,0,0
363,@lizthe_blessedone oh yes that lil cutie... sorry i cant remember thr son cause Tristan wouldnt grace us with his image... smh,0,0,0
364,@nancytsidley she didn't do anything,0,0,0
365,@imjennaburgess just here for the comments üçøüçø,0,0,0
366,@champerssweetie oh your white you have no say sorry,0,1,0
367,@princessm5529 your opinion is irrelevant,0,0,0
368,Omg True is your mini! #twins,0,0,0
369,Swaggin on em,0,0,0
370,Dats not a DripüíÄüíÄüíÄ,0,0,0
371,The comments are great @chloemefleh,0,0,0
372,Is it me or am I the only one who gets a very gay vibe of energy from @realtristan13 ?.. please let me know down below in the comments.,0,0,0
373,So cool,0,0,0
374,LOLol this guys doing charity .. who allowed that ü§¶‚Äç‚ôÄÔ∏è,0,0,0
375,This Dress üíó,0,0,0
376,Guys It was The past. Just forget about what he did in the past. He's Better Person now.,0,0,0
377,Oh your date wasn't the many girls you are dming,0,0,0
378,@zachs_pix lol hahaa,0,0,0
379,Nice outfit!,0,0,0
380,"Congrats on 8 years of basketball in the nba!! However, the cavs will lose 50 games this year!! #justanobservation",0,0,0
381,You have some great shots in your gallery! I mean I liked them üòä,0,0,0
382,"Y'all aint doing NOTHING this season! Tryna roast Toronto GTFOH, We 6-0 while y'all 0-5 üòÇüòÇüòÇ",0,0,0
383,We still eastern conference champs üòÇüòÇüòÇ @realtristan13 üóë,0,0,0
384,@_loyaltycc and I'm not a Cavs fan.,0,0,0
385,You guys really are the team to beat üòÇüòÇüòÇ,0,0,0
386,East still goes thru 0-6 cavs ? ü§£üòÇ,0,0,0
387,The look of not winning a game all season,0,0,0
388,Nice flick üëçüèæ,0,0,0
389,U never post khloe or true..cmon. Not cool,0,0,0
390,"@daxpodollan ü§¶üèº‚Äç‚ôÄÔ∏è if I threw a stick, you'd leave, right?",0,0,0
391,@miss_n_emily wtf are you talking about,0,0,0
392,‚ù§Ô∏è @andersonvarejao18 it's spectacular! Brazil loves,0,0,0
393,@biiancadraws lol...is this in Eminem's puppet voice cause thats how I said it,0,0,0
394,@karlapink me tooüòÇüòÇüòÇüòÇ,0,0,0
395,You're Canadian??,0,1,0
396,Canada doesnt even claim you,0,1,0
397,friends,0,0,0
398,"@steveostick thank you for realizing this, @colettecora",0,0,0
399,@steveostick hahaha I suppogrammar awareness üòè,0,0,0
400,It's ‚Äúthan‚Äù lmaoüòÇüòÇüòÇ,0,0,0
401,Yaasssüëèüôå,0,0,0
402,I loved when u were in Cleveland want u to come back,0,0,0
403,Who raked the beach?,0,0,0
404,@unbreakablebond9 Haha true,0,0,0
405,@khloekardashian he doesn't deserve you,0,0,0
406,@khloekardashian that's because he doesn't love you üòû,0,0,0
407,@unbreakablebond9 screaming üò≠üòÇ,0,0,0
408,@khloekardashian I understand there is a child involved not that easy to everyone commenting. Stay strong hun,0,0,0
409,@khloekardashian leave him,0,0,0
410,@badbitch_des damn,0,0,0
411,Maybe if u did less of this and more practicing y'all wouldn't be 0-5,0,0,0
412,ü§¢ü§¢ü§¢,0,0,0
413,Khloe it's time u wake up to reality,0,0,0
414,Now we know why Lebron left...,0,0,0
415,@khloekardashian you were there? He needs to post some pics of you and him.,0,0,0
416,@khloekardashian It is hard to reconcile the fact you stayed with this man!!!How could he!Let me not say anymore for your sake,0,0,0
417,@lau_yee ok this d print is outrageous,0,0,0
418,A kept man!,0,0,0
419,this aint it,0,0,0
420,@khloekardashian oh sweetie.,0,0,0
421,@khloekardashian I feel you! My husband NEVER photo credits me üò©üòÇüòÖ,0,0,0
422,What parish is this in?,0,0,0
423,Kloeh shopping for you??? No wonder,0,0,0
424,@casemcgarvey so much shade,0,0,0
425,Okay but where did you buy this?????,0,0,0
426,@khloekardashian that's how you know he's no loyal.,0,0,0
427,Looking real sweet ü§£,0,0,0
428,"You're so full of yourself @realtristan13 üò±üò±
 You barely have any pictures of Khloe and only one of True.. you clearly don't love your daughter if you can post so much about yourself and nothing about herüò≤ü§∑üèΩ‚Äç‚ôÄÔ∏è",0,0,0
429,You looking for a new guy.,0,0,0
430,Yeah bro ‚ÄºÔ∏è,0,0,0
431,dam u good as hell,0,0,0
432,Awesome!,0,0,0
433,Why u didn't do this with LeBron?,0,0,0
434,@nuvo333 haha he ain't playing against nba people here that's whyüòÇ,0,0,0
435,@ekrickyyy It's not even that.. he's just shooting with more conviction here. It's a mental thing really.,0,0,0
436,Steph still out rebounded you....,0,0,0
437,Where tf was this last year??? @rpate20,0,0,0
438,@ajskiba23 he's playing YMCA level competition,0,0,0
439,Why you couldn't do that in the finals ü§¶üèæ‚Äç‚ôÇÔ∏è,0,0,0
440,How good is this @illestbird,0,0,0
441,Weakness in the same way haha,0,0,0
442,He wanna be a guard so bad,0,0,0
443,@marlsreidofficial wow! Footage has emerged of me at my year 6 basketball carnival,0,0,0
444,You can swish that 3 but not in a game,0,0,0
445,get right and play right,0,0,0
446,@dwyanewade @realtristan13 this what you posed to be doing with LeBron,0,0,0
447,Awesome!,0,0,0
448,Where the girl at,0,0,0
449,Thanks for following,0,0,0
450,Teach them kids how to be a great father/ husband!,0,0,0
451,I'm in the video,0,0,0
452,Made my day,0,0,0
453,@grateful_queen aren't we all here for that üòÇüòÇüòÇ,0,0,0
454,Super!,0,0,0
455,Young handsome black baller he does not need to be committed and is not married! Just have fun while young marriage and relationships come after growth do you @realist1one I have five boys I tell them the same have fun with the young ladies while you're young you'll learn and grow best that way,0,1,0
456,Well done Tristanüëç,0,0,0
457,Better love to come home to see your daughter,0,0,0
458,"""Lord have mercy!""",0,0,0
459,Is khloe still in Cleveland Ohio They give To me and I just write it,0,0,0
460,I wanna go to this @danny_25_92,0,0,0
461,@khloekardashian dummyü§£ü§£ü§£,0,0,0
462,Dare u to say hi to me,0,0,0
463,Khloe is a hero for forgiving you bro,0,0,0
464,"@realtristan13 My son has cerebral palsy, autism and is also epileptic. I commend you! Research and Suppois definitely neededüåª",0,0,0
465,Ma little sister has epilepsy too. @realtristan13 click the link in ma BIO please. üòûüôèüèΩ,0,0,0
466,@realtristan13 yo momma is Beautiful,0,0,0
467,@khloekardashian I mean it is her daughters father they gonna talk and suppoeach other no matter what LOL,0,0,0
468,Cbd and Canabis oil dude üåª,0,0,0
469,Where is ur son ?,0,0,0
470,Toronto did something good üíØ @reanna.t_ . Proud citizen üòÖ,0,1,0
471,@avorimadya He did it 2himself n I good Deed dsnt excuse who he really isüíØ,0,0,0
472,Boy got peas for days damn brush/come my guys hairüòÇ,0,0,0
473,"Nice photo, there is no need for more words, I just wanted to say üòçüëå",0,0,0
474,Great pics!!!!,0,0,0
475,@stinoskicks,0,0,0
476,wE sTiLl rEmEmbEr wHaT y0U diD tO kOkO,0,0,0
477,@fa2cam üòÇonly for the commentsüòÇ,0,0,0
478,Flannel way too small üöÆüöÆüöÆüöÆ,0,0,0
479,Breathtaking one,0,0,0
480,You and jay-z can rot in hell together while your children are living better lives without you,0,0,0
481,Complete copying asaprocky lmaoo,0,0,0
482,What in heavens can this man teach ????? Nada,0,0,0
483,So cool! üí™üòéüèÄ,0,0,0
484,Team tristian,0,0,0
485,That's a pretty good one. Actually I think your recent photos are really good. I will be waiting for your next photo üòä‚úã,0,0,0
486,Aren't u from Brampton ? ü§î,0,1,0
487,Hold one in Houston plz,0,0,0
488,Boy your from brampton dawg,0,1,0
489,@dwyanewade learn how to grab offensive rebounds.,0,0,0
490,What for ? You cant play,0,0,0
491,@ns_24 who else is from the 6 lol,0,0,0
492,Lol learn how to lose every game ?,0,0,0
493,hey you guys scrolling follow @leelaowen and dm me when done for 3 free followers and likes on ur recent 10 photos!!,0,0,0
494,You have one of the good galleries I've seen today üëå,0,0,0
495,@twicenow it's Emery's costume!!,0,0,0
496,OmGosh! How funny!üíúüíúüíú,0,0,0
497,happy birthday,0,0,0
498,the sloth is absolutely EVERYTHING ‚ù§Ô∏è‚ù§Ô∏è‚ù§Ô∏è‚ù§Ô∏è‚ù§Ô∏è‚ù§Ô∏è‚ù§Ô∏è‚ù§Ô∏è‚ù§Ô∏è‚ù§Ô∏è‚ù§Ô∏è‚ù§Ô∏è‚ù§Ô∏è‚ù§Ô∏è‚ù§Ô∏è‚ù§Ô∏è,0,0,0
499,üéÉüëªüíÄüòáüëΩüòòüíöüíöüíöwhile you are in New York. üòáis here.,0,0,0
500,Love u @katyperry,0,0,0
501,You're 10x hotter when you're in serious mode @katyperry,0,0,0
502,I love u to the moon & back üíó,0,0,0
503,Happy for youüêà Catwoman @katyperry,0,0,0
504,Mino love music Katy Perry. Minomoretti.music.angels,0,0,0
505,My favourite woman... I really love her songs,0,0,0
506,It's just so cool that my birthday is the same day as yours I remember going to your concelast year as my birthday present üíù I would always remember that day 10/25/17,0,0,0
507,I love Dolly üòçüòäüòå,0,0,0
508,"@andrea1858 honestly this is my dreamüò´üò´üò´ for my fellow big hair, big titteee committee honoree dolly to sing me happy birthdayüíïüíïüíïüíï",0,0,0
509,very cool ! !,0,0,0
510,I found the cutest puppy pics @dailybabycanines,0,0,0
511,Love her! ‚ù§Ô∏è,0,0,0
512,Wow,0,0,0
513,Oh shit! This is Genesis P-Orridge üî•,0,0,0
514,Hehe. Sensational! üåàüíñüïä,0,0,0
515,@carroll_correll AHHH both my favsüòç,0,0,0
516,love herüòòüòò,0,0,0
517,Nice one üëç,0,0,0
518,HELLO DOLLY,0,0,0
519,HAPPY HALLOWEEN EVERYONE.,0,0,0
520,I WILL ALWAYS LOVE YOU !,0,0,0
521,HAPPY BIRTHDAY DOLLY.,0,0,0
522,You know you've made it when...,0,0,0
523,Good morning friend,0,0,0
524,@orlandobloom don't play with katy,0,0,0
525,Yet you make fun of him. Bye mean girl,0,0,0
526,Bieber,0,0,0
527,Beautiful People üíïüíïüíïüíï,0,0,0
528,top,0,0,0
529,get hype,0,0,0
530,go go,0,0,0
531,@diaryofafitmommyofficial says the diary of an obssesed mommy...üòê,0,0,0
532,Same üòÇ,0,0,0
533,Smagirl with good taste,0,0,0
534,But not justin sorry #jokingüòÅ,0,0,0
535,Hahaha üòçüòÇ,0,0,0
536,Katy got tha feels üòÇ,0,0,0
537,@katyperry I think Orlando is right... You look Super Thirsty xoxo Stop being Shady,0,0,0
538,You are more talented,0,0,0
539,Happy birthday! üéàüéâüéÅüéÜüéá,0,0,0
540,Your ok. To bad you don't believe.,0,0,0
541,Congrats,0,0,0
542,Everyone loves your songs,0,0,0
543,Waoooooo,0,0,0
544,Very nice,0,0,0
545,I am from iran i love youüíè,0,1,0
546,Happy Halloween,0,0,0
547,Did you ever see your fans? I dont think so My beloved star,0,0,0
548,My queen is Katy üíì,0,0,0
549,Bestüòçüòçüòç,0,0,0
550,Ally Girls Rally ofcourse,0,0,0
551,Congratulations,0,0,0
552,I miss the old Katy üò´üò¢,0,0,0
553,Love love love üòòüòòüòòüòòüòòüòò,0,0,0
554,"Kathering, its time to wake up!",0,0,0
555,Nice,0,0,0
556,‚ù§Ô∏èWow,0,0,0
557,Young kAty,0,0,0
558,I think we all miss her.,0,0,0
559,katy.. marry me..üíê,0,0,0
560,Bring Her back,0,0,0
561,I vibe heavy with this picture üíû,0,0,0
562,I miss old katy üò¢,0,0,0
563,Happy birthday beautiful,0,0,0
564,Hi katy.. I just want to wish you a very happy birthday.. you are a firework!! Love.. ‚ù§Ô∏èüíöüíô..,0,0,0
565,Love the pink‚ù§Ô∏èüòç,0,0,0
566,Omg!,0,0,0
567,Hi. üáÆüá∑ I am an Iranian person and I need your helps to cash some money from my page . Becouse the living in here is difficult ... please help me by #following_me,0,1,0
568,@katyperry YOU GO TO HALLOWEEN PARTY?,0,0,0
569,Yes queennüòç,0,0,0
570,@katyperry your Barbie in pink,0,0,0
571,can you guys follow me have 0 followers am 9 years old,0,0,0
572,@katyperry YOU LOOK LIKE U GO TO A HALLOWEEN PARTY,0,0,0
573,nice,0,0,0
574,ON FIIIIIIIRREEEE üò¢üò¢üò¢üò¢üò¢‚ù§‚ù§‚ù§‚ù§‚ù§,0,0,0
575,@felicitythechiweenie thinks you're divine ‚ù§Ô∏èüòç,0,0,0
576,I love that lip color!!!! What is it????,0,0,0
577,üëàüëàüëà Epic Disney Throwback! #NEWVIDEOO üìΩüé¨üî• Link in bio,0,0,0
578,Wow. You're absolutely amazing,0,0,0
579,Queen,0,0,0
580,Was you born with a pe,0,0,0
581,Katy's friend I'm coming to your new home i love u Friends üòòüòÇ,0,0,0
582,Wonderful!!!!!üíé,0,0,0
583,@iamstevent pink,0,0,0
584,Lovely,0,0,0
585,üíôüíöüíôüíö u r amazing!!,0,0,0
586,beckon,0,0,0
587,oh my Katy !,0,0,0
588,I can't breath when I see your photosüòçüòçüòçüòçüòç,0,0,0
589,very godddüëçüëçüëçüëçüëçüëçüëçüíûüíùüå∑üåπüé§,0,0,0
590,üîπ Superrrrrüòç,0,0,0
591,wowww!!!üëèüëè,0,0,0
592,No,0,0,0
593,Yes yes,0,0,0
594,HAPPY birthday,0,0,0
595,I thinked it's Christina Aguilera üòÇ,0,0,0
596,Happy Birthday @katyperry üíú,0,0,0
597,AwesomeüòÑ,0,0,0
598,I'm 53 years old and bought your leopard print boots with gold tone heel..... one word. LOVE!!!!!!!!,0,0,0
599,I love you üíì,0,0,0
600,Take down your gates around your house! Fire your gun toking security guards and turn off your alarms! #buildthewall,0,0,0
601,Woow its veri coolüòçüòçüòç,0,0,0
602,Gorgeous,0,0,0
603,Love this ‚ù§Ô∏è‚ù§Ô∏è‚ù§Ô∏èüî•üî•üî•üî•,0,0,0
604,Thanks for reminding people to vote REPUBLICAN across the board. Republicans want freedom and for your taxes to work for you. Democrats want to take your freedom and have your taxes pay for system leeches and illegals. #voterepublican #MAGA #republican,0,0,0
605,Can you come to LOUISIANA üôåü§£üíúüòÅ,0,0,0
606,This confirms I shouldn't be voting -Now i know not to vote is right. HRC supports harvey! Either you suppowoman or you don't KP. #mkultra,0,0,0
607,"My whole life, people have been saying, Why are you so angry?",0,0,0
608,I'm registered!!!! üá∫üá∏üá∫üá∏ California üòä,0,0,0
609,god afternood,0,0,0
610,Make sure you vote for freedom not free stuff.,0,0,0
611,We r registered to vote Republican all up and down! #votered üá∫üá∏üá∫üá∏üá∫üá∏üá∫üá∏üá∫üá∏üá∫üá∏üá∫üá∏üá∫üá∏üá∫üá∏üá∫üá∏üá∫üá∏üá∫üá∏üá∫üá∏,0,0,0
612,I'm so sorry Cooper. Please forgive me. @cooper._roy,0,0,0
613,Yaaaassssss,0,0,0
614,"üéÇ Wish you a happy birthday dear.May Almighty bless you his choicest blessings and lots of happiness. Stay happy forever. Lots of love and wishes. May all your wishes come true.. Have a great day and year.‚ù§Ô∏èüéÇüòòüåπ@katyperry
 Gauri",0,0,0
615,@pritchetclaire he was Democratically allocates,0,0,0
616,@dreamy.daydreams that sounds like something a dem would say,0,0,0
617,Yea NOW people want to vote..m,0,0,0
618,Rihanna got beat up and left for dead by her boyfriend then went back to him. You dumb pop stars need to stick to music.,0,0,0
619,well-behaved,0,0,0
620,Trump Nationüá∫üá∏üá∫üá∏üá∫üá∏,0,0,0
621,Republican all Day!! #RedWave,0,0,0
622,I want to see this movie so bad too,0,0,0
623,Holo!!! It's me Cristine again!,0,0,0
624,Amc overpricing movies smh,0,0,0
625,wonder if she saw it at innalooüòÇ @jyahvilla,0,0,0
626,Movie tickets are $20 where you live?! Good God.,0,0,0
627,"yasss queen honey, allso my friend likes my boyfriend and I think he is cheating on my with her because they are allways hanging out and laughing at eachother, what shoul i do",0,0,0
628,Wish you can send some tickets to Austin Canada here so expensive see one of your shows we would love to see your show especially my seven-year-old daughter you are her Idol she just loves you right to death and so did the rest of my family,0,0,0
629,Oh yeah,0,0,0
630,Did you like the film?,0,0,0
631,Love u katt,0,0,0
632,Katy it's not good hearüò¢,0,0,0
633,I went to your consert,0,0,0
634,Really is fantastic,0,0,0
635,So niceüíã,0,0,0
636,Super üå∏üå∏üå∏,0,0,0
637,"Overcoming fear is the first step to success for entrepreneurs. The winners all exemplify that, and the hard work and commitment they have shown underlines what is needed to set up a business.",0,0,0
638,Happy Birthday.Katy...‚ù§Ô∏è Congratulations Another Spin around the Sun .....üåû......üí®üéÇ Make a Wish..!,0,0,0
639,Awwwüíö,0,0,0
640,Very nice,0,0,0
641,I LOVE IT!‚úåüèªüíñ,0,0,0
642,HEY DAN COULD TALK ABOUT ADVERTISING IN TIMES SQUARE ..NO BS GREAT OPPORTUNITY ..80 DAYS MINIMUM 65K,0,0,0
643,Work hard party harder,0,0,0
644,@danbilzerian I think you forgot bud in your workout plan,0,0,0
645,Lets connect!,0,0,0
646,Let us know who has the funnest comments on the reviews for whipple superchargers,0,0,0
647,Yo what's up? Open DM's man I'd love to talk,0,0,0
648,Too nice,0,0,0
649,I just saw your recent photos. It looks like your photos are getting better with time imo üòâüëå,0,0,0
650,If you're in love with the car culture give us a follow üëå,0,0,0
651,King of the douchebags üòÇ,0,0,0
652,Awesomee!!,0,0,0
653,Lƒ∞KE FOR Lƒ∞KE,0,0,0
654,happy birthday dan üé∏üé∏üòç,0,0,0
655,Happy Halloween üëª #book fallow me please,0,0,0
656,The hell on earth ü§¶üèª‚Äç‚ôÄÔ∏èü§¢ü§Æ,0,0,0
657,Just go to the party with the same should you worked out in. LolDan don't give a fuck!!!!!üé©,0,0,0
658,Why no pictures of lil mayo,0,0,0
659,@bagels_payne don't worry mr bagels he will never take that from you,0,0,0
660,Like,0,0,0
661,Even Chuck Norris can't do it üòä,0,0,0
662,@andrewferrante @kevinmumolo we're was our invite,0,0,0
663,Hes into that dude,0,0,0
664,‚óÄ‚óÄ‚óÄTHIS IS WHERE ITS AT üíâüíâ,0,0,0
665,Nice üòçüòçüòçüòçüòçüòç,0,0,0
666,So you're okay with black men but not black women....okay.....,0,1,0
667,Love you man‚úåüòé,0,0,0
668,@bradleymartyn welome to Armenia üá¶üá≤üíú,0,0,0
669,@danbilzerian Then prove it,0,0,0
670,Definitely a cat lol,0,0,0
671,What's your cats name,0,0,0
672,She has to be one of the luckiest cats in the world.,0,0,0
673,"@danbilzerian Dan.. I doubt you'll ever see this, but I aspire to be like you in life, I'm a 20 year old dude from Miami and Idk if it's weird but could I like get an internship with you or something? I want to learn how to live life the way you do in terms of business, bitches, also I roll killer blunts and joints",0,0,0
674,"Mr Neymar what are you looking for here?
 Lol @neymarjr",0,0,0
675,@danbilzerian plz reply meüíóüíóüíó,0,0,0
676,Life is beautiful üòâ,0,0,0
677,Your cat looks better than most girls üòâ,0,0,0
678,@danbilzerian I love you dan lol,0,0,0
679,Aww üêæüêæ,0,0,0
680,What kind of cat?!,0,0,0
681,@thesanhat üòÇüòÇit's a kittyüòÖ,0,0,0
682,@danbilzerian Hello! What is the breed of this cat? He is incredible.,0,0,0
683,@thesanhat if you don't know about smush ball you shouldn't even be here,0,0,0
684,lame,0,0,0
685,@tyler.dugan.8 why does that look like my big hoss Ollie,0,0,0
686,@danhouck hell yeah!!! üòπüòπüòπ,0,0,0
687,Bro to litüò≠üò≠,0,0,0
688,Best pussy of them all ‚ú®‚ú®‚ú® that pussy has gold in its bones and magic in her soul ‚ù§Ô∏è‚ù§Ô∏è‚ù§Ô∏è @danbilzerian,0,0,0
689,"Dan, you the best üëçüèº...",0,0,0
690,Good one ü§ôüôè,0,0,0
691,Did she give you something more?,0,0,0
692,Wow...,0,0,0
693,@danbilzerian can you share the girls bro ?,0,0,0
694,Wonders never cease,0,0,0
695,@stevieg_blatantly this man understands,0,0,0
696,Snapchat just posted an article about you and plagiarized all their information from blitztv ü§£@danbilzerian,0,0,0
697,Her Mushrooms are about to be burstedüòç,0,0,0
698,Wanna make money trading forex. Check out my last post.,0,0,0
699,Hot,0,0,0
700,@Wavvvy__: Gucci Mane locked up rn and u want to talk about our relationship status rn bitch shut up we gotta free this nigga first,1,1,0
701,@WhiteboiColeman: Stepping away from the twitter beef. I'm going to bed cause I gotta be up at 5. Gotta go be a redneck asshole at my us&#8230;,1,1,0
702,@WhittTooCold: Ray J is the perfect example of what happens when you give a lame nigga some pussy,1,1,0
703,@WingsoverHoes: Niggas gossip like hoes I'm sleep tho,1,1,0
704,@WorldStarFunny: when you see a bitch nigga subtweet you http://t.co/eclOjoVwg7,1,1,0
705,@X_LexiiSoUnique: All I see down my TL is naked white bitches &#128064;&#128064;&#128064;&#128584;,1,1,0
706,"@XtraXtraLex: I was disgusted, betrayed, hurt, &amp; my pussy drier than a niggas skin in the winter time",1,1,0
707,@YELLitOUT_louud: &#8220;@_laTodd: &#8220;@Satisfied_x: &#8220;@S_hawn24: Y'all females love y'all a bum nigga or a jail bird..&#8221;!!!!&#8221;&#10071;&#65039;&#10071;&#65039;&#10071;&#65039;&#128553;&#128079;&#128079;&#128079;&#8221;,1,1,0
708,@YOUKNOWDOBY: Niggas talk more than bitches these days......,1,1,0
709,"@YUNGRAJEE: No nigga ever ask before he hit either &#8220;@jaybeeTRENDz: Body counts don't matter ! YALL treat all bitches the same anyway, st&#8230;",1,1,0
710,"@Yansii_: Black bitches be like ""boy i told you not to get my hair wet"" http://t.co/CSG4OoPgkY",1,1,0
711,@Yaremisxo: &#8220;@DonQuixtote: I need molly water and a chubby asian bitch&#8221; same,1,1,0
712,@YoungMiddleEric: Y'all niggas ain't no killas y'all niggaz some hoes...,1,1,0
713,@YoungMoneyKem: @scottvohar @matty_kem Nigga I'm just popping Molly &amp; stepping out. You bowling bitch don't come at me,1,1,0
714,"@YourMajestyV_: You got bitches, and I don't have niggas &#128514; ... I want you.",1,1,0
715,@YunGMiGo: @ChynaaKDave na a hoe cry to yu swear she ain't fuckn off n still have a side nigga,1,1,0
716,@YungRajee: Ladies listen NO nigga wants to settle down at a young age. All you bitches crying about being single now will be wifed in 1&#8230;,1,1,0
717,@YungTweetGod: Bitches will give their pussy to the whole community but wont give a nigga a piece of gum,1,1,0
718,@YurUgly: Niggas these days will walk 10 miles to get some pussy. &#128557;,1,1,0
719,@ZOEPASSION Niggaz buying p***y....Niggaz buying p***y. + Don't stathis hoe shit...,1,1,0
720,@ZephTheGreat: Not all black girls are ghetto .,1,1,0
721,"@_AD4: Why all ghetto chicks gotta smell like love-spell. Or that cucumber shit, bath &amp; body works!",1,1,0
722,@_BOOWHOP: I can't trust ah soul I can't trust these NIGHAS I can't trust these hoes,1,1,0
723,@_BeautifulKeezy: &#8220;@100046729: @_BeautifulKeezy lmfao bitch was I talking to you &#128514;&#128514;&#8221;but I'm talking to you in my bubba voice &#128514;&#128514;&#128514;&#128128;,1,1,0
724,"@_BredDIFFERENT: Niggas will fuck yah good , eat ya pussy then go home to they bitch like ain't shit happen &#128553;&#128530;",1,1,0
725,"@_Fashi0nista: &amp; it's sad cause niggas will have a good girl &amp; do her wrong, it's hard finding a good bitch out here forreal.",1,1,0
726,@_IAmMariahJ: @1017_Sqquad man I just went from 0 - 100 real quick I ain't no hoe the fuck niggas thought this was ?&#128530;,1,1,0
727,@_LOSOWORLD: @ChiefKeef bitch ass nikka took Flight Frm #Kenosha,1,1,0
728,@_LastQueenCyn_: Niggas be in that pussy like http://t.co/DDJSB5itcD,1,1,0
729,@_MissBre: She's hurt. The nigga she crushing on fucking a bottle girl so they all have to be hoes.,1,1,0
730,@_TommyCollins: @WeAreRichnow @buffalobills yeah Texans are so much better you fucking retard,1,1,0
731,@__BrionnaNicole: Never realize the precious time you bitch niggas is wasting &#128070;,1,1,0
732,@__HerEyezLow: U gotta be a pathetic bitch to ride by another females house looking for a nigga that ain't yours smh,1,1,0
733,"@___Jazsy: If a bitch tweeting about a nigga and he saying he don't mess with her , He's lying&#128533; That bitch ain't tweeting for nothing &#128527;",1,1,0
734,@___Nisha: I hate when boys keep chasing a bitch that treat them like they any nigga &#128529;,1,1,0
735,@___Royals: When niggas try to act hard but really be bitch made &#128514;,1,1,0
736,"@____LilRambo: &#8220;@Dollvsh_: I don't be fucking with NOBODY , cause most of these bitches got fake in they blood . &#9994;&#8221;and niggas",1,1,0
737,@_____AL: Woww. Now niggas can't hit u bitches line and ask what u doin nomo.,1,1,0
738,"@__prvncesssss: ""@lilnas_: Niggas bitches getting exposed&#128514;&#128514;&#128514;&#128553;""&#128555;&#128555;&#128555;&#128555;&#128555;",1,1,0
739,"@_aleksssa: ""@BrianLovesAss_: @_aleksssa tbh but a niggah can't have a normal convo with someone lmao""hoes will be hoes Brian lol",1,1,0
740,@_iAmDizzy: A hoe gone be a hoe and dats #100 nd when a nigga broke them hoes act funny!,1,1,0
741,@_iForeign: You talking shit &#128567; But yo pockets ain't shit &#128169; Yo bitch ain't shit &#128169; Yo life ain't shit &#128169; nigga you just a ain't shit as nig&#8230;,1,1,0
742,@_indylovee: these bitch niggas couldn't live my cold life$tyle&#128184;&#128080;&#128523;,1,1,0
743,"@_materialgurlxo: How you leave ya mans dead for a broke bitch, most these rap niggas on some hoe shit!!!",1,1,0
744,@_politeASSHOLE: 1) A real nigga would NEVER be huand crying over pussy they didn't get for two years. What kinda gay shit is that?,1,1,0
745,@_posterboi: And y'all niggas jus give up the pussy.. I wonder how y'all feel reading the TL... Nervous AF huh? Thinkin y'all bout to ge&#8230;,1,1,0
746,@_theDarius: &#8220;@DopeShitOnly: Man just proofread &amp; edited this niggah sentence&#128514;&#128514;&#128514;&#128514;&#128557;&#128557;&#128557;&#8221;feel like I'm back in 6th grade doing daily oral la&#8230;,1,1,0
747,@_twelvestarr: Niggas be catching attitudes and expect a bitch to beg plenty of sorry's to figure out what's his problem. NO,1,1,0
748,@absoulxo: in a relationship there's gonna be bitches badder than yours or niggas doing better than your nigga. that's where the loyalty&#8230;,1,1,0
749,"@aivayePVUcheer: I can't stand a ""fuck these niggas"" ass bitch..",1,1,0
750,"@alexiswoa_: "" now i know why niggas have sides, my bitch boring """,1,1,0
751,@antglizzygg: Tell your bitch that I'm that nigga now,1,1,0
752,"@arigold_88: You and yo bitch break up and she sta""lol"" at another nigga, she gone for good bruh.",1,1,0
753,"@ashkardash___: If you let your girl get disrespected and you don't do nothing, you should of been born a bitch cuz only bitch niggas le&#8230;",1,1,0
754,@ayoooitsjelly: some niggas act like straight up bitches,1,1,0
755,"@backtoBRIality: &#8220;@OverlyLiked: ONLY REAL NIGGAS KNOW no matter how hungry you are, you better let these bitches cool off! http://t.co/T&#8230;",1,1,0
756,"@baskgod: Main bitches saying ""I hate a 'send me a pic' ass nigga"" be answering every single one of DJ Rice-a-Roni's request",1,1,0
757,@bbcwhorship: &#8220;@bored_rappers: http://t.co/ZFicQYS3Dy&#8221; I want to be filled with hot nigger seed,1,1,0
758,@bebalizz123: Bagging thot bitches &amp; giving 'em head? Ew nigga you nasty &amp; you're better off dead.,1,1,0
759,"@benjibrown1: A nigga can like ONE pic &amp; u bitches: ""S/O to _____ showing LOVE"".... Bitch kill yoself",1,1,0
760,@bigdawgsergio: Run up on a nigga get to squeezing hoe hahaa,1,1,0
761,@black_taco_: Wtf is boy pussy ? Lmao you atl nigga sick,1,1,0
762,@bonita_kayla: all bitches wanna do is beef over niggas &#58382; grow tf up a get ya priorities straight &#57933;&#58167;,1,1,0
763,@boss_sant: I don't like bitch niggaz and they don't like me &#128175; #Boss up,1,1,0
764,"@briannafbaby: Good girls take 4-12 months before they move on.. only hoes jump from nigga to nigga.. don't argue with me, this is scien&#8230;",1,1,0
765,@brittanyaflores: you got niggas &amp; I got bitches &#128080;,1,1,0
766,"@brownandbella: YASSSSSSSSSSSSSS!!!! @DearLeader10: Nothing wrong with Black girls having high dick standards, our pussy bomb nigga!",1,1,0
767,"@callmekennn_: im not finna beg a nigga to fwm, nor will I beg a bitch to be my ""friend"" &#128514; fuck y'all thought?",1,1,0
768,@caseytu88662466: Y these niggas on this hoe shit,1,1,0
769,@cecetooshort_: wait.. why do niggas get to fw they exe's friend but when girls fw her exes friend she a hoe? lol,1,1,0
770,@chillvitooo: &#8220;@__KillSwitch: Nigga damn &#128556;&#128563; https://t.co/m7gExESuag&#8221;LMFAO Dej Loaf got all these bitches getting TRYED&#128557;&#128557;&#128557;&#128557;&#128557;,1,1,0
771,@cjduchesneau: nigger hair??? comin from this bitch who had a dread on the back of her@bair she forgot from century's ago,1,1,0
772,"@cocaLove_: All it takes is one female to change that nigga, but it takes 100 niggas to change that hoe http://t.co/u0FdWrv17y",1,1,0
773,that lil bitch released the exclusive shower photos between niggas. #trustisbroken,1,1,0
774,"that was me trying to be ""mature"" about the subject. what kind of fucking pussies are you to bitch about a satirical tweet against asians?",1,1,0
775,the bitch loudly cheering for the netherlands at rosa mexicano does not seem to value her life,1,1,0
776,the craziest hos for no reason on TV hands down are Teirra Marie (however ghetto way she spell it) and Siah's cute ass girl,1,1,0
777,the jews gon be laughin at a nigga on Judgement Day when they see how ugly this bitch was,1,1,0
778,the niggas on twitter like I eat pussy and yada yada is the niggas with STI's and shit,1,1,0
779,these bitches be wasting time on some ungrateful niggas,1,1,0
780,these hoes ain't loyal n these niggas ain't either!! fuck ah bitch get ah bird,1,1,0
781,these hoes be lying to us nigga,1,1,0
782,these niggas out here bitchin tell em suck sumn these bitches see my vision tell em fuck sumn,1,1,0
783,these pussy ass niggas ain't bout that life,1,1,0
784,lmao how funny that true does know where the camara at lol,0,0,0
785,@art_is_forever when did she publicly thank him?,0,0,0
786,Post a picture of Khloe already!!!!! Come on!!!!,0,0,0
787,@progreenlc no we don't. When did he become the poster child for faithful partner? Please. They all do it. He just got caught.,0,0,0
788,@art_is_forever thank her forrrr......,0,0,0
789,"Thank you Coach James, you will be Miss assistant lueü§¶üèΩ‚Äç‚ôÄÔ∏è",0,0,0
790,Respect,0,0,0
791,Here is a Halloween costume ...Can you be a father to you son for a day?,0,0,0
792,@giselle_is_my_name if you really have to ask how then please keep stanning üòÇüòÇ,0,0,0
793,aree u even involved in your daughters life?,0,0,0
794,SAME,0,0,0
795,Can't believe you dissed the raps and y'all are 0 in 6 now,0,0,0
796,@gabyby22 fathering a child has nothing to do with committing to khloe. You can be a good father without staying with the mother of your child,0,0,0
797,Into supreme?,0,0,0
798,@anizyx How is he breaking his daughter's heaim waiting?,0,0,0
799,@giselle_is_my_name the previous post boo boo,0,0,0
800,@brendacoyt_3: @Tonymartinezz15 &#128530;&#9995; naw bruh member when you said that it was your snow -.- and your bitches &#128514;&#128514; that's my cake &#128079;,1,0,0
801,@brianduroha1: Bitches ain't shit hoes ain't neither,1,0,0
802,"@britnigiles_: don't mention a bitch from your past to me. first of all, i don't give a fuck. second of all, i don't care. and third, i &#8230;",1,0,0
803,@brookebrooklyn_: Spineless bitches in backless dressess,1,0,0
804,@brownandspicey: &#8220;@KB_Three: Can I sit on your face &#8212; Sit on a hot stove bitch http://t.co/0qc5Mz3pDL&#8221; &#128553;&#128514;&#128557;&#128514;&#128557;&#128514;&#128557;,1,0,0
805,"@bruhlmaoo: When bae sings ""it ain't nothin to cut that bitch off"" with too much enthusiasm http://t.co/2rwY1h0D0F",1,0,0
806,@bryannaaaaaa_: I'll naturally slap the shit outa oomf that bitch talk to much.,1,0,0
807,@bubble_wrapMe: These hoes ain loyal,1,0,0
808,"@buckupside: What kind of world do we live in, where bitches are getting surgery to make their butts BIGGER!? Since when do women want a&#8230;",1,0,0
809,"@bugattibeez: ""Nicki Minaj ass so fake."" -a bitch walking around w/ weave",1,0,0
810,@bugattibeez: pussy still taste like McDonald's fries. @BOOSIERENE: I eat pineapples everyday they so good &#128553;&#128069;,1,0,0
811,"@bugattibeez: to u bitches who have upside down default pictures, die. nobody has time to flip they phone around to see if u even uglier&#8230;",1,0,0
812,@burnett_dainah: California Chrome bitches!!!!!!!!,1,0,0
813,@burnthewitchxo: I probably am mentally retarded,1,0,0
814,"@butter_obama: I love when @NICKIMINAJ say ""bitch I'm me"" &#128588;",1,0,0
815,@bye_bye_byrdy: Weed ain't a drug! Its a fucking herb bitch!,1,0,0
816,@cIavdia: wow well aren't you just a fucking cunt :),1,0,0
817,@cambryh_: I'm he's? Really? He on the phone talking to another bitch while you standing in the middle of a damn field clueless. http://&#8230;,1,0,0
818,"@captaincoximus: I'm like the bat signal, but for crazy bitches",1,0,0
819,@carcarroni: @UglyAssDerrick my sincerest apologies my main bitch chocolate dipped cinnamon apple,1,0,0
820,@carharttdarlin: Trying to download iOS 8 but my phones a bitch,1,0,0
821,"@carterazoo: My nephew on Adam Rose: ""I bet he ain't got no hoes though.""",1,0,0
822,@carterreynolds: Austin Mahone is making bitches horny right now...,1,0,0
823,@caseoftheKink: Some men say they&#8217;re afraid of having daughters bc they don&#8217;t want them to turn into &#8220;hoes&#8221; or w/e.,1,0,0
824,@caseytu88662466: Play pussy get fucked,1,0,0
825,@cashflowHO: I'm too pretty for this &#128526;&#128129;&#128133; . Yall lil bitches can have the petty shit &#128080;&#128169;&#128128; .,1,0,0
826,@cassidy_kelsey: Now you just reminded me why I hate you. #bitch #cantstandyou,1,0,0
827,@castabignet: Some people are handed a bar of gold and all they can do is bitch about how heavy it is.,1,0,0
828,aww soo cute,1,0,0
829,"@ccobb1573: &#8220;@imFindDory: Can't spell slut without u, bitch.&#8221;",1,0,0
830,"@ceoo_97: &#8220;@POSlTlVEVlBE: a loyal girl truly does come with a smamouth &amp; arguments,only a hoe will let you do as you please cause she&#8230;",1,0,0
831,@chanelisabeth: happy 17th birthday to my main hoe and partner in crime #bountyhunters4lyfe &#127881;&#128299; @Whitecholo23,1,0,0
832,@chanelpuke: i hate when people ask &#8220;who you tryna look good for?!&#8221; bitch myself bye,1,0,0
833,@chaniiyyaa: Wayne really treat nicki like that's his bitch &#128564;&#128525;&#128553;....,1,0,0
834,"@charlie_danger: Beautiful wall color &#128525; ""@_100d: I don't love these bitches and you shouldn't either &#128581; http://t.co/TfoTrkw25v""",1,0,0
835,@charlieecai: Our taxi driver is fucking retarded.. He doesn't know how to get from grapevine to lewisville,1,0,0
836,@chasemylovex: bitch u lame af.... get with the times and pop that ass @SincerelyTumblr: This makes me kinda sad http://t.co/tCUJpKoC&#8230;,1,0,0
837,"@chaserojo: ""boys are dumb! no faith in boys!!"" bitch shut up youre in high school acting like this is going to be the person you marry.&#8230;",1,0,0
838,@chasingstaxx: If your girl is upset and crying..let her cry...she needs to learn how to stop being a pussy. Toughen up,1,0,0
839,"@chefpolio: ""I don't send nudes"" -- a bitch wit trash nudes",1,0,0
840,"@chels_phelps: Crafty bitches ""@CheatsOfLife: best way to cheat on a test http://t.co/vGneo1T1tG""",1,0,0
841,"@chelsearaine: Aw that's cute, your mom raised you to be a bitchy little cunt&#128536;",1,0,0
842,@chelseypaige42: Bitches be begging for love &amp; loyalty when they've never giving it to anyone. Karma bitch&#128520;,1,0,0
843,@chelseypaige42: I peep everything. And just know I'll slap a bitch with a smile on my face.,1,0,0
844,@cheyycheyy8: Rivers is seriously a bitch. Don't throw your hands around like a 5 year old bc something didn't go right. Lol,1,0,0
845,@chiko600: You think she bad well my bitch meaner &#128076;&#128527;,1,0,0
846,"@chillin662: Boosie said he got a bitch from the Sip. #THOTs are gonna have ""Boosie's bitch in da Sip"" in their bio now #BETHipHopAwards&#8230;",1,0,0
847,@christeaa: Can't turn a hoe into a house wife babbyyy.,1,0,0
848,@chvmpagne: Bitches that dress like this pussy taste like hot dog water and bad grades. http://t.co/wrfv9Ld6eo,1,0,0
849,look pretty cute,1,0,0
850,I like the new look Lord D,1,0,0
851,look so cute and pretty,1,0,0
852,such a cute girl,1,0,0
853,Oh no!! You have to grow your beard long again! üò≠ it looks so amazing on you!!!,1,0,0
854,your daughter looks so cute,1,0,0
855,@michaelstyles_ his hair,1,0,0
856,Handsome,1,0,0
857,cute and beautiful,1,0,0
858,The new haircut is everything üëç,1,0,0
859,Your so good-looking!!! üíãüíãüíã,1,0,0
860,Sexi boy!,1,0,0